#id,name,description,producer
1,ShirtA,Nice t-shirt,ShirtCompanyA
2,ShirtB,Nice t-shirt,ShirtCompanyB
3,ShirtC,Nice t-shirt,ShirtCompanyC
4,ShirtD,Nice t-shirt,ShirtCompanyD
5,ShirtE,Nice t-shirt,ShirtCompanyE
6,ShirtF,Nice t-shirt,ShirtCompanyF
7,ShirtG,Nice t-shirt,ShirtCompanyG
8,ShirtH,Nice t-shirt,ShirtCompanyH
9,ShirtI,Nice t-shirt,ShirtCompanyI
10,ShirtJ,Nice t-shirt,ShirtCompanyJ
11,ShirtK,Nice t-shirt,ShirtCompanyK
12,ShirtL,Nice t-shirt,ShirtCompanyL
13,ShirtM,Nice t-shirt,ShirtCompanyM
14,ShirtN,Nice t-shirt,ShirtCompanyN
15,ShirtO,Nice t-shirt,ShirtCompanyO
16,ShirtP,Nice t-shirt,ShirtCompanyP
17,ShirtQ,Nice t-shirt,ShirtCompanyQ
18,ShirtR,Nice t-shirt,ShirtCompanyR
19,ShirtS,Nice t-shirt,ShirtCompanyS
20,ShirtT,Nice t-shirt,ShirtCompanyT
21,ShirtU,Nice t-shirt,ShirtCompanyU
22,ShirtV,Nice t-shirt,ShirtCompanyV
23,ShirtW,Nice t-shirt,ShirtCompanyW
24,ShirtX,Nice t-shirt,ShirtCompanyX
25,ShirtY,Nice t-shirt,ShirtCompanyY
26,ShirtZ,Nice t-shirt,ShirtCompanyZ
27,ShoesA,Slick Shoes,ShoeIncA
28,ShoesB,Slick Shoes,ShoeIncB
29,ShoesC,Slick Shoes,ShoeIncC
30,ShoesD,Slick Shoes,ShoeIncD
31,ShoesE,Slick Shoes,ShoeIncE
32,ShoesF,Slick Shoes,ShoeIncF
33,ShoesG,Slick Shoes,ShoeIncG
34,ShoesH,Slick Shoes,ShoeIncH
35,ShoesI,Slick Shoes,ShoeIncI
36,ShoesJ,Slick Shoes,ShoeIncJ
37,ShoesK,Slick Shoes,ShoeIncK
38,ShoesL,Slick Shoes,ShoeIncL
39,ShoesM,Slick Shoes,ShoeIncM
40,ShoesN,Slick Shoes,ShoeIncN
41,ShoesO,Slick Shoes,ShoeIncO
42,ShoesP,Slick Shoes,ShoeIncP
43,ShoesQ,Slick Shoes,ShoeIncQ
44,ShoesR,Slick Shoes,ShoeIncR
45,ShoesS,Slick Shoes,ShoeIncS
46,ShoesT,Slick Shoes,ShoeIncT
47,ShoesU,Slick Shoes,ShoeIncU
48,ShoesV,Slick Shoes,ShoeIncV
49,ShoesW,Slick Shoes,ShoeIncW
50,ShoesX,Slick Shoes,ShoeIncX
51,ShoesY,Slick Shoes,ShoeIncY
52,ShoesZ,Slick Shoes,ShoeIncZ
53,PantsA,Sweet Pants,PantsProductionsA
54,PantsB,Sweet Pants,PantsProductionsB
55,PantsC,Sweet Pants,PantsProductionsC
56,PantsD,Sweet Pants,PantsProductionsD
57,PantsE,Sweet Pants,PantsProductionsE
58,PantsF,Sweet Pants,PantsProductionsF
59,PantsG,Sweet Pants,PantsProductionsG
60,PantsH,Sweet Pants,PantsProductionsH
61,PantsI,Sweet Pants,PantsProductionsI
62,PantsJ,Sweet Pants,PantsProductionsJ
63,PantsK,Sweet Pants,PantsProductionsK
64,PantsL,Sweet Pants,PantsProductionsL
65,PantsM,Sweet Pants,PantsProductionsM
66,PantsN,Sweet Pants,PantsProductionsN
67,PantsO,Sweet Pants,PantsProductionsO
68,PantsP,Sweet Pants,PantsProductionsP
69,PantsQ,Sweet Pants,PantsProductionsQ
70,PantsR,Sweet Pants,PantsProductionsR
71,PantsS,Sweet Pants,PantsProductionsS
72,PantsT,Sweet Pants,PantsProductionsT
73,PantsU,Sweet Pants,PantsProductionsU
74,PantsV,Sweet Pants,PantsProductionsV
75,PantsW,Sweet Pants,PantsProductionsW
76,PantsX,Sweet Pants,PantsProductionsX
77,PantsY,Sweet Pants,PantsProductionsY
78,PantsZ,Sweet Pants,PantsProductionsZ
79,WatchA,Luxery Wrist Watch,ClocksAndMoreA
80,WatchB,Luxery Wrist Watch,ClocksAndMoreB
81,WatchC,Luxery Wrist Watch,ClocksAndMoreC
82,WatchD,Luxery Wrist Watch,ClocksAndMoreD
83,WatchE,Luxery Wrist Watch,ClocksAndMoreE
84,WatchF,Luxery Wrist Watch,ClocksAndMoreF
85,WatchG,Luxery Wrist Watch,ClocksAndMoreG
86,WatchH,Luxery Wrist Watch,ClocksAndMoreH
87,WatchI,Luxery Wrist Watch,ClocksAndMoreI
88,WatchJ,Luxery Wrist Watch,ClocksAndMoreJ
89,WatchK,Luxery Wrist Watch,ClocksAndMoreK
90,WatchL,Luxery Wrist Watch,ClocksAndMoreL
91,WatchM,Luxery Wrist Watch,ClocksAndMoreM
92,WatchN,Luxery Wrist Watch,ClocksAndMoreN
93,WatchO,Luxery Wrist Watch,ClocksAndMoreO
94,WatchP,Luxery Wrist Watch,ClocksAndMoreP
95,WatchQ,Luxery Wrist Watch,ClocksAndMoreQ
96,WatchR,Luxery Wrist Watch,ClocksAndMoreR
97,WatchS,Luxery Wrist Watch,ClocksAndMoreS
98,WatchT,Luxery Wrist Watch,ClocksAndMoreT
99,WatchU,Luxery Wrist Watch,ClocksAndMoreU
100,WatchV,Luxery Wrist Watch,ClocksAndMoreV
101,WatchW,Luxery Wrist Watch,ClocksAndMoreW
102,WatchX,Luxery Wrist Watch,ClocksAndMoreX
103,WatchY,Luxery Wrist Watch,ClocksAndMoreY
104,WatchZ,Luxery Wrist Watch,ClocksAndMoreZ
105,PhoneA,Glorious smarpthone never seen before,ManufacturerA
106,PhoneB,Glorious smarpthone never seen before,ManufacturerB
107,PhoneC,Glorious smarpthone never seen before,ManufacturerC
108,PhoneD,Glorious smarpthone never seen before,ManufacturerD
109,PhoneE,Glorious smarpthone never seen before,ManufacturerE
110,PhoneF,Glorious smarpthone never seen before,ManufacturerF
111,PhoneG,Glorious smarpthone never seen before,ManufacturerG
112,PhoneH,Glorious smarpthone never seen before,ManufacturerH
113,PhoneI,Glorious smarpthone never seen before,ManufacturerI
114,PhoneJ,Glorious smarpthone never seen before,ManufacturerJ
115,PhoneK,Glorious smarpthone never seen before,ManufacturerK
116,PhoneL,Glorious smarpthone never seen before,ManufacturerL
117,PhoneM,Glorious smarpthone never seen before,ManufacturerM
118,PhoneN,Glorious smarpthone never seen before,ManufacturerN
119,PhoneO,Glorious smarpthone never seen before,ManufacturerO
120,PhoneP,Glorious smarpthone never seen before,ManufacturerP
121,PhoneQ,Glorious smarpthone never seen before,ManufacturerQ
122,PhoneR,Glorious smarpthone never seen before,ManufacturerR
123,PhoneS,Glorious smarpthone never seen before,ManufacturerS
124,PhoneT,Glorious smarpthone never seen before,ManufacturerT
125,PhoneU,Glorious smarpthone never seen before,ManufacturerU
126,PhoneV,Glorious smarpthone never seen before,ManufacturerV
127,PhoneW,Glorious smarpthone never seen before,ManufacturerW
128,PhoneX,Glorious smarpthone never seen before,ManufacturerX
129,PhoneY,Glorious smarpthone never seen before,ManufacturerY
130,PhoneZ,Glorious smarpthone never seen before,ManufacturerZ
131,CameraA,Camera with 40x optical zoom,LensFacturerA
132,CameraB,Camera with 40x optical zoom,LensFacturerB
133,CameraC,Camera with 40x optical zoom,LensFacturerC
134,CameraD,Camera with 40x optical zoom,LensFacturerD
135,CameraE,Camera with 40x optical zoom,LensFacturerE
136,CameraF,Camera with 40x optical zoom,LensFacturerF
137,CameraG,Camera with 40x optical zoom,LensFacturerG
138,CameraH,Camera with 40x optical zoom,LensFacturerH
139,CameraI,Camera with 40x optical zoom,LensFacturerI
140,CameraJ,Camera with 40x optical zoom,LensFacturerJ
141,CameraK,Camera with 40x optical zoom,LensFacturerK
142,CameraL,Camera with 40x optical zoom,LensFacturerL
143,CameraM,Camera with 40x optical zoom,LensFacturerM
144,CameraN,Camera with 40x optical zoom,LensFacturerN
145,CameraO,Camera with 40x optical zoom,LensFacturerO
146,CameraP,Camera with 40x optical zoom,LensFacturerP
147,CameraQ,Camera with 40x optical zoom,LensFacturerQ
148,CameraR,Camera with 40x optical zoom,LensFacturerR
149,CameraS,Camera with 40x optical zoom,LensFacturerS
150,CameraT,Camera with 40x optical zoom,LensFacturerT
151,CameraU,Camera with 40x optical zoom,LensFacturerU
152,CameraV,Camera with 40x optical zoom,LensFacturerV
153,CameraW,Camera with 40x optical zoom,LensFacturerW
154,CameraX,Camera with 40x optical zoom,LensFacturerX
155,CameraY,Camera with 40x optical zoom,LensFacturerY
156,CameraZ,Camera with 40x optical zoom,LensFacturerZ
157,BookA,One of the best fiction books,WriterPublisherA
158,BookB,One of the best fiction books,WriterPublisherB
159,BookC,One of the best fiction books,WriterPublisherC
160,BookD,One of the best fiction books,WriterPublisherD
161,BookE,One of the best fiction books,WriterPublisherE
162,BookF,One of the best fiction books,WriterPublisherF
163,BookG,One of the best fiction books,WriterPublisherG
164,BookH,One of the best fiction books,WriterPublisherH
165,BookI,One of the best fiction books,WriterPublisherI
166,BookJ,One of the best fiction books,WriterPublisherJ
167,BookK,One of the best fiction books,WriterPublisherK
168,BookL,One of the best fiction books,WriterPublisherL
169,BookM,One of the best fiction books,WriterPublisherM
170,BookN,One of the best fiction books,WriterPublisherN
171,BookO,One of the best fiction books,WriterPublisherO
172,BookP,One of the best fiction books,WriterPublisherP
173,BookQ,One of the best fiction books,WriterPublisherQ
174,BookR,One of the best fiction books,WriterPublisherR
175,BookS,One of the best fiction books,WriterPublisherS
176,BookT,One of the best fiction books,WriterPublisherT
177,BookU,One of the best fiction books,WriterPublisherU
178,BookV,One of the best fiction books,WriterPublisherV
179,BookW,One of the best fiction books,WriterPublisherW
180,BookX,One of the best fiction books,WriterPublisherX
181,BookY,One of the best fiction books,WriterPublisherY
182,BookZ,One of the best fiction books,WriterPublisherZ
183,RucksackA,Carrying all your life with you,FabricatorA
184,RucksackB,Carrying all your life with you,FabricatorB
185,RucksackC,Carrying all your life with you,FabricatorC
186,RucksackD,Carrying all your life with you,FabricatorD
187,RucksackE,Carrying all your life with you,FabricatorE
188,RucksackF,Carrying all your life with you,FabricatorF
189,RucksackG,Carrying all your life with you,FabricatorG
190,RucksackH,Carrying all your life with you,FabricatorH
191,RucksackI,Carrying all your life with you,FabricatorI
192,RucksackJ,Carrying all your life with you,FabricatorJ
193,RucksackK,Carrying all your life with you,FabricatorK
194,RucksackL,Carrying all your life with you,FabricatorL
195,RucksackM,Carrying all your life with you,FabricatorM
196,RucksackN,Carrying all your life with you,FabricatorN
197,RucksackO,Carrying all your life with you,FabricatorO
198,RucksackP,Carrying all your life with you,FabricatorP
199,RucksackQ,Carrying all your life with you,FabricatorQ
200,RucksackR,Carrying all your life with you,FabricatorR
201,RucksackS,Carrying all your life with you,FabricatorS
202,RucksackT,Carrying all your life with you,FabricatorT
203,RucksackU,Carrying all your life with you,FabricatorU
204,RucksackV,Carrying all your life with you,FabricatorV
205,RucksackW,Carrying all your life with you,FabricatorW
206,RucksackX,Carrying all your life with you,FabricatorX
207,RucksackY,Carrying all your life with you,FabricatorY
208,RucksackZ,Carrying all your life with you,FabricatorZ